{"providers":[{"file":"minecraft:painting/aztec.png","ascent":32,"type":"bitmap","chars":["ﰀ"],"height":32},{"file":"minecraft:painting/aztec.png","ascent":-512,"type":"bitmap","chars":["ﰚ"],"height":32},{"file":"minecraft:painting/aztec.png","ascent":0,"type":"bitmap","chars":["ﰴ"],"height":32},{"file":"minecraft:painting/skeleton.png","ascent":32,"type":"bitmap","chars":["ﰁ"],"height":32},{"file":"minecraft:painting/skeleton.png","ascent":-512,"type":"bitmap","chars":["ﰛ"],"height":32},{"file":"minecraft:painting/skeleton.png","ascent":0,"type":"bitmap","chars":["ﰵ"],"height":32},{"file":"minecraft:painting/wasteland.png","ascent":32,"type":"bitmap","chars":["ﰂ"],"height":32},{"file":"minecraft:painting/wasteland.png","ascent":-512,"type":"bitmap","chars":["ﰜ"],"height":32},{"file":"minecraft:painting/wasteland.png","ascent":0,"type":"bitmap","chars":["ﰶ"],"height":32},{"file":"minecraft:painting/void.png","ascent":32,"type":"bitmap","chars":["ﰃ"],"height":32},{"file":"minecraft:painting/void.png","ascent":-512,"type":"bitmap","chars":["ﰝ"],"height":32},{"file":"minecraft:painting/void.png","ascent":0,"type":"bitmap","chars":["ﰷ"],"height":32},{"file":"minecraft:painting/graham.png","ascent":32,"type":"bitmap","chars":["ﰄ"],"height":32},{"file":"minecraft:painting/graham.png","ascent":-512,"type":"bitmap","chars":["ﰞ"],"height":32},{"file":"minecraft:painting/graham.png","ascent":0,"type":"bitmap","chars":["ﰸ"],"height":32},{"file":"minecraft:painting/pool.png","ascent":32,"type":"bitmap","chars":["ﰅ"],"height":32},{"file":"minecraft:painting/pool.png","ascent":-512,"type":"bitmap","chars":["ﰟ"],"height":32},{"file":"minecraft:painting/pool.png","ascent":0,"type":"bitmap","chars":["ﰹ"],"height":32},{"file":"minecraft:painting/donkey_kong.png","ascent":32,"type":"bitmap","chars":["ﰆ"],"height":32},{"file":"minecraft:painting/donkey_kong.png","ascent":-512,"type":"bitmap","chars":["ﰠ"],"height":32},{"file":"minecraft:painting/donkey_kong.png","ascent":0,"type":"bitmap","chars":["ﰺ"],"height":32},{"file":"minecraft:painting/sunset.png","ascent":32,"type":"bitmap","chars":["ﰇ"],"height":32},{"file":"minecraft:painting/sunset.png","ascent":-512,"type":"bitmap","chars":["ﰡ"],"height":32},{"file":"minecraft:painting/sunset.png","ascent":0,"type":"bitmap","chars":["ﰻ"],"height":32},{"file":"minecraft:painting/alban.png","ascent":32,"type":"bitmap","chars":["ﰈ"],"height":32},{"file":"minecraft:painting/alban.png","ascent":-512,"type":"bitmap","chars":["ﰢ"],"height":32},{"file":"minecraft:painting/alban.png","ascent":0,"type":"bitmap","chars":["ﰼ"],"height":32},{"file":"minecraft:painting/skull_and_roses.png","ascent":32,"type":"bitmap","chars":["ﰉ"],"height":32},{"file":"minecraft:painting/skull_and_roses.png","ascent":-512,"type":"bitmap","chars":["ﰣ"],"height":32},{"file":"minecraft:painting/skull_and_roses.png","ascent":0,"type":"bitmap","chars":["ﰽ"],"height":32},{"file":"minecraft:painting/stage.png","ascent":32,"type":"bitmap","chars":["ﰊ"],"height":32},{"file":"minecraft:painting/stage.png","ascent":-512,"type":"bitmap","chars":["ﰤ"],"height":32},{"file":"minecraft:painting/stage.png","ascent":0,"type":"bitmap","chars":["ﰾ"],"height":32},{"file":"minecraft:painting/bust.png","ascent":32,"type":"bitmap","chars":["ﰋ"],"height":32},{"file":"minecraft:painting/bust.png","ascent":-512,"type":"bitmap","chars":["ﰥ"],"height":32},{"file":"minecraft:painting/bust.png","ascent":0,"type":"bitmap","chars":["ﰿ"],"height":32},{"file":"minecraft:painting/courbet.png","ascent":32,"type":"bitmap","chars":["ﰌ"],"height":32},{"file":"minecraft:painting/courbet.png","ascent":-512,"type":"bitmap","chars":["ﰦ"],"height":32},{"file":"minecraft:painting/courbet.png","ascent":0,"type":"bitmap","chars":["ﱀ"],"height":32},{"file":"minecraft:painting/wither.png","ascent":32,"type":"bitmap","chars":["ﰍ"],"height":32},{"file":"minecraft:painting/wither.png","ascent":-512,"type":"bitmap","chars":["ﰧ"],"height":32},{"file":"minecraft:painting/wither.png","ascent":0,"type":"bitmap","chars":["ﱁ"],"height":32},{"file":"minecraft:painting/plant.png","ascent":32,"type":"bitmap","chars":["ﰎ"],"height":32},{"file":"minecraft:painting/plant.png","ascent":-512,"type":"bitmap","chars":["ﰨ"],"height":32},{"file":"minecraft:painting/plant.png","ascent":0,"type":"bitmap","chars":["ﱂ"],"height":32},{"file":"minecraft:painting/aztec2.png","ascent":32,"type":"bitmap","chars":["ﰏ"],"height":32},{"file":"minecraft:painting/aztec2.png","ascent":-512,"type":"bitmap","chars":["ﰩ"],"height":32},{"file":"minecraft:painting/aztec2.png","ascent":0,"type":"bitmap","chars":["ﱃ"],"height":32},{"file":"minecraft:painting/burning_skull.png","ascent":32,"type":"bitmap","chars":["ﰐ"],"height":32},{"file":"minecraft:painting/burning_skull.png","ascent":-512,"type":"bitmap","chars":["ﰪ"],"height":32},{"file":"minecraft:painting/burning_skull.png","ascent":0,"type":"bitmap","chars":["ﱄ"],"height":32},{"file":"minecraft:painting/sea.png","ascent":32,"type":"bitmap","chars":["ﰑ"],"height":32},{"file":"minecraft:painting/sea.png","ascent":-512,"type":"bitmap","chars":["ﰫ"],"height":32},{"file":"minecraft:painting/sea.png","ascent":0,"type":"bitmap","chars":["ﱅ"],"height":32},{"file":"minecraft:painting/wanderer.png","ascent":32,"type":"bitmap","chars":["ﰒ"],"height":32},{"file":"minecraft:painting/wanderer.png","ascent":-512,"type":"bitmap","chars":["ﰬ"],"height":32},{"file":"minecraft:painting/wanderer.png","ascent":0,"type":"bitmap","chars":["ﱆ"],"height":32},{"file":"minecraft:painting/creebet.png","ascent":32,"type":"bitmap","chars":["ﰓ"],"height":32},{"file":"minecraft:painting/creebet.png","ascent":-512,"type":"bitmap","chars":["ﰭ"],"height":32},{"file":"minecraft:painting/creebet.png","ascent":0,"type":"bitmap","chars":["ﱇ"],"height":32},{"file":"minecraft:painting/kebab.png","ascent":32,"type":"bitmap","chars":["ﰔ"],"height":32},{"file":"minecraft:painting/kebab.png","ascent":-512,"type":"bitmap","chars":["ﰮ"],"height":32},{"file":"minecraft:painting/kebab.png","ascent":0,"type":"bitmap","chars":["ﱈ"],"height":32},{"file":"minecraft:painting/bomb.png","ascent":32,"type":"bitmap","chars":["ﰕ"],"height":32},{"file":"minecraft:painting/bomb.png","ascent":-512,"type":"bitmap","chars":["ﰯ"],"height":32},{"file":"minecraft:painting/bomb.png","ascent":0,"type":"bitmap","chars":["ﱉ"],"height":32},{"file":"minecraft:painting/match.png","ascent":32,"type":"bitmap","chars":["ﰖ"],"height":32},{"file":"minecraft:painting/match.png","ascent":-512,"type":"bitmap","chars":["ﰰ"],"height":32},{"file":"minecraft:painting/match.png","ascent":0,"type":"bitmap","chars":["ﱊ"],"height":32},{"file":"minecraft:painting/fighters.png","ascent":32,"type":"bitmap","chars":["ﰗ"],"height":32},{"file":"minecraft:painting/fighters.png","ascent":-512,"type":"bitmap","chars":["ﰱ"],"height":32},{"file":"minecraft:painting/fighters.png","ascent":0,"type":"bitmap","chars":["ﱋ"],"height":32},{"file":"minecraft:painting/pointer.png","ascent":32,"type":"bitmap","chars":["ﰘ"],"height":32},{"file":"minecraft:painting/pointer.png","ascent":-512,"type":"bitmap","chars":["ﰲ"],"height":32},{"file":"minecraft:painting/pointer.png","ascent":0,"type":"bitmap","chars":["ﱌ"],"height":32},{"file":"minecraft:painting/pigscene.png","ascent":32,"type":"bitmap","chars":["ﰙ"],"height":32},{"file":"minecraft:painting/pigscene.png","ascent":-512,"type":"bitmap","chars":["ﰳ"],"height":32},{"file":"minecraft:painting/pigscene.png","ascent":0,"type":"bitmap","chars":["ﱍ"],"height":32}]}