{
	"__comment": "Designed by Energyxxer with Cubik Studio - https://cubik.studio",
	"textures": {
		"atlas": "presents:presents/present"
	},
	"elements": [
		{
			"from": [ 3, 3, 3 ],
			"to": [ 13, 3.001, 13 ],
			"faces": {
				"down": { "uv": [ 5, 13.5, 7.5, 16 ], "texture": "#atlas", "tintindex": 0 }
			}
		},
		{
			"from": [ 3, 3, -2.625 ],
			"to": [ 13, 3.001, 1.375 ],
			"rotation": { "origin": [ 3, 3, -2.625 ], "axis": "x", "angle": -45 },
			"faces": {
				"down": { "uv": [ 7, 16, 6, 13.5 ], "texture": "#atlas", "rotation": 270, "tintindex": 0 }
			}
		},
		{
			"from": [ 3, 3, -4.625 ],
			"to": [ 13, 3.001, -2.625 ],
			"faces": {
				"down": { "uv": [ 7.5, 16, 7, 13.5 ], "texture": "#atlas", "rotation": 270, "tintindex": 0 }
			}
		},
		{
			"from": [ 3, 3, -1 ],
			"to": [ 13, 3.001, 3 ],
			"rotation": { "origin": [ 3, 3, 3.000001 ], "axis": "x", "angle": 45 },
			"faces": {
				"down": { "uv": [ 5, 13.5, 6, 16 ], "texture": "#atlas", "rotation": 90, "tintindex": 0 }
			}
		},
		{
			"from": [ -2.625, 3, 3 ],
			"to": [ 1.375, 3.001, 13 ],
			"rotation": { "origin": [ -2.624999, 3, 13 ], "axis": "z", "angle": 45 },
			"faces": {
				"down": { "uv": [ 7, 16, 6, 13.5 ], "texture": "#atlas", "tintindex": 0 }
			}
		},
		{
			"from": [ -4.625, 3, 3 ],
			"to": [ -2.625, 3.001, 13 ],
			"faces": {
				"down": { "uv": [ 7.5, 16, 7, 13.5 ], "texture": "#atlas", "tintindex": 0 }
			}
		},
		{
			"from": [ -1, 3, 3 ],
			"to": [ 3, 3.001, 13 ],
			"rotation": { "origin": [ 3, 3, 13 ], "axis": "z", "angle": -45 },
			"faces": {
				"down": { "uv": [ 5, 13.5, 6, 16 ], "texture": "#atlas", "rotation": 180, "tintindex": 0 }
			}
		},
		{
			"from": [ 3, 3, 14.625 ],
			"to": [ 13, 3.001, 18.625 ],
			"rotation": { "origin": [ 13, 3, 18.625 ], "axis": "x", "angle": 45 },
			"faces": {
				"down": { "uv": [ 7, 16, 6, 13.5 ], "texture": "#atlas", "rotation": 90, "tintindex": 0 }
			}
		},
		{
			"from": [ 3, 3, 18.625 ],
			"to": [ 13, 3.001, 20.625 ],
			"faces": {
				"down": { "uv": [ 7.5, 16, 7, 13.5 ], "texture": "#atlas", "rotation": 90, "tintindex": 0 }
			}
		},
		{
			"from": [ 3, 3, 13 ],
			"to": [ 13, 3.001, 17 ],
			"rotation": { "origin": [ 13, 3, 13 ], "axis": "x", "angle": -45 },
			"faces": {
				"down": { "uv": [ 5, 13.5, 6, 16 ], "texture": "#atlas", "rotation": 270, "tintindex": 0 }
			}
		},
		{
			"from": [ 14.625, 3, 3 ],
			"to": [ 18.625, 3.001, 13 ],
			"rotation": { "origin": [ 18.625, 3, 3 ], "axis": "z", "angle": -45 },
			"faces": {
				"down": { "uv": [ 7, 16, 6, 13.5 ], "texture": "#atlas", "rotation": 180, "tintindex": 0 }
			}
		},
		{
			"from": [ 18.625, 3, 3 ],
			"to": [ 20.625, 3.001, 13 ],
			"faces": {
				"down": { "uv": [ 7.5, 16, 7, 13.5 ], "texture": "#atlas", "rotation": 180, "tintindex": 0 }
			}
		},
		{
			"from": [ 13, 3, 3 ],
			"to": [ 17, 3.001, 13 ],
			"rotation": { "origin": [ 13, 3, 3 ], "axis": "z", "angle": 45 },
			"faces": {
				"down": { "uv": [ 5, 13.5, 6, 16 ], "texture": "#atlas", "tintindex": 0 }
			}
		},
		{
			"from": [ 3, 3, 20.625 ],
			"to": [ 13, 3.001, 30.625 ],
			"faces": {
				"down": { "uv": [ 5, 13.5, 7.5, 16 ], "texture": "#atlas", "tintindex": 0 }
			}
		}
	],
	"display": {
		"thirdperson_righthand": {
			"rotation":  [ 75, 45, 0 ],
			"translation":  [ 0, 2.5, 0 ],
			"scale":  [ 0.375, 0.375, 0.375 ]
		},
		"thirdperson_lefthand": {
			"rotation":  [ 75, 45, 0 ],
			"translation":  [ 0, 2.5, 0 ],
			"scale":  [ 0.375, 0.375, 0.375 ]
		},
		"firstperson_righthand": {
			"rotation":  [ 0, 45, 0 ],
			"scale":  [ 0.4, 0.4, 0.4 ]
		},
		"firstperson_lefthand": {
			"rotation":  [ 0, 45, 0 ],
			"scale":  [ 0.4, 0.4, 0.4 ]
		},
		"gui": {
			"rotation":  [ 30, 225, 0 ],
			"scale":  [ 0.625, 0.625, 0.625 ]
		},
		"head": {
			"translation":  [ 0, -35.65, 0 ],
			"scale":  [ 1.5, 1.5, 1.5 ]
		},
		"ground": {
			"translation":  [ 0, 3, 0 ],
			"scale":  [ 0.25, 0.25, 0.25 ]
		}
	}
}
