{
	"__comment": "Designed by Energyxxer with Cubik Studio - https://cubik.studio",
	"textures": {
		"atlas": "presents:presents/present"
	},
	"elements": [
		{
			"from": [ 3, 3, 3 ],
			"to": [ 13, 13, 13 ],
			"faces": {
				"down": { "uv": [ 0, 13.5, 2.5, 16 ], "texture": "#atlas", "tintindex": 0 },
				"up": { "uv": [ 0, 11, 2.5, 13.5 ], "texture": "#atlas", "tintindex": 0 },
				"north": { "uv": [ 0, 8.5, 2.5, 11 ], "texture": "#atlas", "tintindex": 0 },
				"south": { "uv": [ 2.5, 13.5, 5, 16 ], "texture": "#atlas", "tintindex": 0 },
				"west": { "uv": [ 2.5, 11, 5, 13.5 ], "texture": "#atlas", "tintindex": 0 },
				"east": { "uv": [ 2.5, 8.5, 5, 11 ], "texture": "#atlas", "tintindex": 0 }
			}
		}
	],
	"display": {
		"thirdperson_righthand": {
			"rotation":  [ 75, 45, 0 ],
			"translation":  [ 0, 2.5, 0 ],
			"scale":  [ 0.375, 0.375, 0.375 ]
		},
		"thirdperson_lefthand": {
			"rotation":  [ 75, 45, 0 ],
			"translation":  [ 0, 2.5, 0 ],
			"scale":  [ 0.375, 0.375, 0.375 ]
		},
		"firstperson_righthand": {
			"rotation":  [ 0, 45, 0 ],
			"scale":  [ 0.4, 0.4, 0.4 ]
		},
		"firstperson_lefthand": {
			"rotation":  [ 0, 45, 0 ],
			"scale":  [ 0.4, 0.4, 0.4 ]
		},
		"gui": {
			"rotation":  [ 30, 225, 0 ],
			"scale":  [ 0.625, 0.625, 0.625 ]
		},
		"head": {
			"translation":  [ 0, -35.70, 0 ],
			"scale":  [ 1.5, 1.5, 1.5 ]
		},
		"ground": {
			"translation":  [ 0, 3, 0 ],
			"scale":  [ 0.25, 0.25, 0.25 ]
		}
	}
}
