{
	"__comment": "Designed by Energyxxer with Cubik Studio - https://cubik.studio",
	"textures": {
		"particle": "presents:presents/present",
		"box": "presents:presents/present"
	},
	"elements": [
		{
			"__comment": "Cube1",
			"from": [ 3, 3, 3 ],
			"to": [ 13, 13, 13 ],
			"faces": {
				"down": { "uv": [ 0, 13.5, 2.5, 16 ], "texture": "#box", "tintindex": 0 },
				"up": { "uv": [ 0, 11, 2.5, 13.5 ], "texture": "#box", "tintindex": 0 },
				"north": { "uv": [ 0, 8.5, 2.5, 11 ], "texture": "#box", "tintindex": 0 },
				"south": { "uv": [ 2.5, 13.5, 5, 16 ], "texture": "#box", "tintindex": 0 },
				"west": { "uv": [ 2.5, 11, 5, 13.5 ], "texture": "#box", "tintindex": 0 },
				"east": { "uv": [ 2.5, 8.5, 5, 11 ], "texture": "#box", "tintindex": 0 }
			}
		},
		{
			"__comment": "Ribbon",
			"from": [ 3, 3, 3 ],
			"to": [ 13, 13, 13 ],
			"faces": {
				"down": { "uv": [ 5, 13.5, 7.5, 16 ], "texture": "#ribbon" },
				"up": { "uv": [ 5, 11, 7.5, 13.5 ], "texture": "#ribbon" },
				"north": { "uv": [ 5, 8.5, 7.5, 11 ], "texture": "#ribbon" },
				"south": { "uv": [ 7.5, 13.5, 10, 16 ], "texture": "#ribbon" },
				"west": { "uv": [ 7.5, 11, 10, 13.5 ], "texture": "#ribbon" },
				"east": { "uv": [ 7.5, 8.5, 10, 11 ], "texture": "#ribbon" }
			}
		},
		{
			"__comment": "Cube4",
			"from": [ 7, 13, 7 ],
			"to": [ 9, 14, 9 ],
			"faces": {
				"up": { "uv": [ 2.5, 8, 3, 8.5 ], "texture": "#ribbon" },
				"north": { "uv": [ 4.5, 8.25, 5, 8.5 ], "texture": "#ribbon" },
				"south": { "uv": [ 4.5, 8, 5, 8.25 ], "texture": "#ribbon" },
				"west": { "uv": [ 5, 8.25, 5.5, 8.5 ], "texture": "#ribbon" },
				"east": { "uv": [ 5, 8, 5.5, 8.25 ], "texture": "#ribbon" }
			}
		},
		{
			"__comment": "Cube4",
			"from": [ 2.5, 13, 6.5 ],
			"to": [ 7.5, 14, 9.5 ],
			"rotation": { "origin": [ 7.5, 13.5, 6.5 ], "axis": "z", "angle": -22.5 },
			"faces": {
				"down": { "uv": [ 10, 15.25, 11.25, 16 ], "texture": "#ribbon" },
				"up": { "uv": [ 11.25, 15.25, 12.5, 16 ], "texture": "#ribbon" },
				"north": { "uv": [ 0, 8.25, 1.25, 8.5 ], "texture": "#ribbon" },
				"south": { "uv": [ 0, 8, 1.25, 8.25 ], "texture": "#ribbon" },
				"west": { "uv": [ 3, 8.25, 3.75, 8.5 ], "texture": "#ribbon" },
				"east": { "uv": [ 3, 8, 3.75, 8.25 ], "texture": "#ribbon" }
			}
		},
		{
			"__comment": "Cube4",
			"from": [ 8.5, 13, 6.5 ],
			"to": [ 13.5, 14, 9.5 ],
			"rotation": { "origin": [ 8.5, 13.5, 6.5 ], "axis": "z", "angle": 22.5 },
			"faces": {
				"down": { "uv": [ 12.5, 15.25, 13.75, 16 ], "texture": "#ribbon" },
				"up": { "uv": [ 13.75, 15.25, 15, 16 ], "texture": "#ribbon" },
				"north": { "uv": [ 1.25, 8.25, 2.5, 8.5 ], "texture": "#ribbon" },
				"south": { "uv": [ 1.25, 8, 2.5, 8.25 ], "texture": "#ribbon" },
				"west": { "uv": [ 3.75, 8.25, 4.5, 8.5 ], "texture": "#ribbon" },
				"east": { "uv": [ 3.75, 8, 4.5, 8.25 ], "texture": "#ribbon" }
			}
		}
	],
	"display": {
		"thirdperson_righthand": {
			"rotation":  [ 75, 45, 0 ],
			"translation":  [ 0, 2.5, 0 ],
			"scale":  [ 0.375, 0.375, 0.375 ]
		},
		"thirdperson_lefthand": {
			"rotation":  [ 75, 45, 0 ],
			"translation":  [ 0, 2.5, 0 ],
			"scale":  [ 0.375, 0.375, 0.375 ]
		},
		"firstperson_righthand": {
			"rotation":  [ 0, 45, 0 ],
			"scale":  [ 0.4, 0.4, 0.4 ]
		},
		"firstperson_lefthand": {
			"rotation":  [ 0, 45, 0 ],
			"scale":  [ 0.4, 0.4, 0.4 ]
		},
		"gui": {
			"rotation":  [ 30, 225, 0 ],
			"scale":  [ 0.75, 0.75, 0.75 ]
		},
		"head": {
			"translation":  [ 0, -35.70, 0 ],
			"scale":  [ 1.5, 1.5, 1.5 ]
		},
		"ground": {
			"translation":  [ 0, 3, 0 ],
			"scale":  [ 0.375, 0.375, 0.375 ]
		}
	}
}
