{
	"credit": "Made with Blockbench",
	"textures": {
		"2": "submarine/torpedo",
		"particle": "submarine/torpedo"
	},
	"elements": [
		{
			"from": [8, -9.1875, 1],
			"to": [12, -5.1875, 15],
			"rotation": {"angle": -45, "axis": "z", "origin": [8, -5.1875, 1]},
			"faces": {
				"north": {"uv": [3, 3, 5, 5], "texture": "#2"},
				"east": {"uv": [0.5, 3, 7.5, 5], "texture": "#2"},
				"south": {"uv": [3, 3, 5, 5], "texture": "#2"},
				"west": {"uv": [0.5, 3, 7.5, 5], "texture": "#2"},
				"up": {"uv": [3, 0.5, 5, 7.5], "texture": "#2"},
				"down": {"uv": [5, 7.5, 3, 0.5], "texture": "#2"}
			}
		},
		{
			"from": [8, -9.3125, 4],
			"to": [12.5, -4.8125, 5],
			"rotation": {"angle": -45, "axis": "z", "origin": [8, -4.8125, 4]},
			"faces": {
				"north": {"uv": [1.5, 1.5, 6, 6], "texture": "#2"},
				"east": {"uv": [1.5, 1.5, 2.5, 6], "texture": "#2"},
				"south": {"uv": [1.5, 1.5, 6, 6], "texture": "#2"},
				"west": {"uv": [1.5, 1.5, 2.5, 6], "texture": "#2"},
				"up": {"uv": [1.5, 1, 6, 2], "texture": "#2"},
				"down": {"uv": [1.5, 1, 6, 2], "texture": "#2"}
			}
		},
		{
			"from": [8, -9.3125, 8],
			"to": [12.5, -4.8125, 9],
			"rotation": {"angle": -45, "axis": "z", "origin": [8, -4.8125, 8]},
			"faces": {
				"north": {"uv": [1.5, 1.5, 6, 6], "texture": "#2"},
				"east": {"uv": [1.5, 1.5, 2.5, 6], "texture": "#2"},
				"south": {"uv": [1.5, 1.5, 6, 6], "texture": "#2"},
				"west": {"uv": [1.5, 1.5, 2.5, 6], "texture": "#2"},
				"up": {"uv": [1.5, 1, 6, 2], "texture": "#2"},
				"down": {"uv": [1.5, 1, 6, 2], "texture": "#2"}
			}
		},
		{
			"from": [8, -9.3125, 12],
			"to": [12.5, -4.8125, 13],
			"rotation": {"angle": -45, "axis": "z", "origin": [8, -4.8125, 12]},
			"faces": {
				"north": {"uv": [1.5, 1.5, 6, 6], "texture": "#2"},
				"east": {"uv": [1.5, 1.5, 2.5, 6], "texture": "#2"},
				"south": {"uv": [1.5, 1.5, 6, 6], "texture": "#2"},
				"west": {"uv": [1.5, 1.5, 2.5, 6], "texture": "#2"},
				"up": {"uv": [1.5, 1, 6, 2], "texture": "#2"},
				"down": {"uv": [1.5, 1, 6, 2], "texture": "#2"}
			}
		},
		{
			"from": [8, -8.875, -1.5],
			"to": [11, -5.875, 1],
			"rotation": {"angle": -45, "axis": "z", "origin": [8, -5.875, -1.5]},
			"faces": {
				"north": {"uv": [1, 1, 4, 4], "texture": "#2"},
				"east": {"uv": [1, 1, 3.5, 4], "texture": "#2"},
				"west": {"uv": [1, 1, 3.5, 4], "texture": "#2"},
				"up": {"uv": [1, 1, 4, 3.5], "texture": "#2"},
				"down": {"uv": [1, 1, 4, 3.5], "texture": "#2"}
			}
		},
		{
			"from": [7.75, -12, -1],
			"to": [8.25, -4, 0.5],
			"faces": {
				"north": {"uv": [0, 0, 0.5, 8], "texture": "#2"},
				"east": {"uv": [0, 0, 1.5, 8], "texture": "#2"},
				"south": {"uv": [0, 0, 0.5, 8], "texture": "#2"},
				"west": {"uv": [1.5, 0, 0, 8], "texture": "#2"},
				"up": {"uv": [0, 0, 0.5, 1.5], "texture": "#2"},
				"down": {"uv": [0, 0, 0.5, 1.5], "texture": "#2"}
			}
		},
		{
			"from": [3.99908, -8.22203, -1],
			"to": [11.99908, -7.72203, 0.5],
			"rotation": {"angle": 0, "axis": "z", "origin": [8.01353, -7.98555, -0.27795]},
			"faces": {
				"north": {"uv": [0, 0, 0.5, 8], "rotation": 270, "texture": "#2"},
				"east": {"uv": [0, 0, 0.5, 1.5], "rotation": 90, "texture": "#2"},
				"south": {"uv": [0, 0, 0.5, 8], "rotation": 90, "texture": "#2"},
				"west": {"uv": [0, 0, 0.5, 1.5], "rotation": 90, "texture": "#2"},
				"up": {"uv": [1.5, 0, 0, 8], "rotation": 90, "texture": "#2"},
				"down": {"uv": [0, 0, 1.5, 8], "rotation": 90, "texture": "#2"}
			}
		},
		{
			"from": [8, -8.5625, -3],
			"to": [10, -6.5625, -1.5],
			"rotation": {"angle": -45, "axis": "z", "origin": [8, -6.5625, -3]},
			"faces": {
				"north": {"uv": [11, 4, 13, 6], "texture": "#2"},
				"east": {"uv": [1, 1, 2.5, 3], "texture": "#2"},
				"west": {"uv": [1, 1, 2.5, 3], "texture": "#2"},
				"up": {"uv": [1, 1, 3, 2.5], "texture": "#2"},
				"down": {"uv": [1, 1, 3, 2.5], "texture": "#2"}
			}
		},
		{
			"from": [8, -8.875, 15],
			"to": [11, -5.875, 16.5],
			"rotation": {"angle": -45, "axis": "z", "origin": [8, -5.875, 15]},
			"faces": {
				"east": {"uv": [1, 1, 2.5, 4], "texture": "#2"},
				"south": {"uv": [1, 1, 4, 4], "texture": "#2"},
				"west": {"uv": [1, 1, 2.5, 4], "texture": "#2"},
				"up": {"uv": [1, 1, 4, 2.5], "texture": "#2"},
				"down": {"uv": [1, 1, 4, 2.5], "texture": "#2"}
			}
		},
		{
			"from": [8, -8.5625, 16.5],
			"to": [10, -6.5625, 17.5],
			"rotation": {"angle": -45, "axis": "z", "origin": [8, -6.5625, 16.5]},
			"faces": {
				"east": {"uv": [1, 1, 2, 3], "texture": "#2"},
				"south": {"uv": [1, 1, 3, 3], "texture": "#2"},
				"west": {"uv": [1, 1, 2, 3], "texture": "#2"},
				"up": {"uv": [1, 1, 3, 2], "texture": "#2"},
				"down": {"uv": [1, 1, 3, 2], "texture": "#2"}
			}
		}
	],
	"display": {
		"head": {
			"rotation": [0, 180, 0],
			"translation": [0, -16.25, 0],
			"scale": [1.5, 1.5, 1.5]
		}
	}
}