{
	"credit": "Made with Blockbench",
	"textures": {
		"6": "submarine/propeller",
		"7": "submarine/hull",
		"8": "submarine/glass",
		"particle": "submarine/propeller"
	},
	"elements": [
		{
			"from": [4.4, 3.725, -6.5],
			"to": [11.6, 10.925, 0.7],
			"faces": {
				"north": {"uv": [8, 8, 16, 16], "texture": "#7"},
				"east": {"uv": [0, 0, 8, 8], "texture": "#7"},
				"west": {"uv": [0, 0, 8, 8], "texture": "#7"},
				"down": {"uv": [0, 0, 8, 8], "rotation": 90, "texture": "#7"}
			}
		},
		{
			"from": [4.4, 3.725, 0.7],
			"to": [11.6, 10.925, 7.9],
			"rotation": {"angle": 0, "axis": "y", "origin": [8, 8, 15.2]},
			"faces": {
				"east": {"uv": [0, 0, 8, 8], "texture": "#7"},
				"west": {"uv": [0, 0, 8, 8], "texture": "#7"},
				"down": {"uv": [0, 0, 8, 8], "rotation": 90, "texture": "#7"}
			}
		},
		{
			"from": [4.4, 3.725, 7.9],
			"to": [11.6, 10.925, 15.1],
			"rotation": {"angle": 0, "axis": "y", "origin": [8, 8, 22.4]},
			"faces": {
				"east": {"uv": [0, 0, 8, 8], "texture": "#7"},
				"west": {"uv": [0, 0, 8, 8], "texture": "#7"},
				"down": {"uv": [0, 0, 8, 8], "rotation": 90, "texture": "#7"}
			}
		},
		{
			"from": [4.4, 3.725, 15.1],
			"to": [11.6, 10.925, 22.3],
			"rotation": {"angle": 0, "axis": "y", "origin": [8, 8, 29.6]},
			"faces": {
				"east": {"uv": [0, 0, 8, 8], "texture": "#7"},
				"west": {"uv": [0, 0, 8, 8], "texture": "#7"},
				"down": {"uv": [0, 0, 8, 8], "rotation": 90, "texture": "#7"}
			}
		},
		{
			"from": [4.4, 3.725, 22.3],
			"to": [11.6, 10.925, 25.9],
			"rotation": {"angle": 0, "axis": "y", "origin": [8, 8, 36.8]},
			"faces": {
				"east": {"uv": [0, 0, 8, 8], "texture": "#7"},
				"south": {"uv": [8, 0, 16, 8], "texture": "#7"},
				"west": {"uv": [0, 0, 8, 8], "texture": "#7"},
				"down": {"uv": [0, 0, 8, 8], "rotation": 90, "texture": "#7"}
			}
		},
		{
			"from": [7.94062, 5.91875, -6.5],
			"to": [15.1406, 13.11875, 0.7],
			"rotation": {"angle": -22.5, "axis": "z", "origin": [7.94062, 13.1188, -6.5]},
			"faces": {
				"north": {"uv": [8, 0, 16, 8], "texture": "#7"},
				"east": {"uv": [0, 0, 8, 8], "texture": "#7"},
				"up": {"uv": [0, 0, 8, 8], "rotation": 90, "texture": "#7"},
				"down": {"uv": [0, 0, 8, 8], "rotation": 90, "texture": "#7"}
			}
		},
		{
			"from": [0.8594, 5.91875, -6.5],
			"to": [8.05938, 13.11875, 0.7],
			"rotation": {"angle": 22.5, "axis": "z", "origin": [8.05938, 13.1188, -6.5]},
			"faces": {
				"north": {"uv": [16, 0, 8, 8], "texture": "#7"},
				"west": {"uv": [8, 0, 0, 8], "texture": "#7"},
				"up": {"uv": [0, 8, 8, 0], "rotation": 90, "texture": "#7"},
				"down": {"uv": [0, 8, 8, 0], "rotation": 90, "texture": "#7"}
			}
		},
		{
			"from": [7.94062, 5.91875, 0.7],
			"to": [15.1406, 13.11875, 7.9],
			"rotation": {"angle": -22.5, "axis": "z", "origin": [7.94062, 13.1188, -6.5]},
			"faces": {
				"east": {"uv": [0, 0, 8, 8], "texture": "#7"},
				"up": {"uv": [0, 0, 8, 8], "rotation": 90, "texture": "#7"},
				"down": {"uv": [0, 0, 8, 8], "rotation": 90, "texture": "#7"}
			}
		},
		{
			"from": [0.8594, 5.91875, 0.7],
			"to": [8.05938, 13.11875, 7.9],
			"rotation": {"angle": 22.5, "axis": "z", "origin": [8.05938, 13.1188, -6.5]},
			"faces": {
				"west": {"uv": [8, 0, 0, 8], "texture": "#7"},
				"up": {"uv": [0, 8, 8, 0], "rotation": 90, "texture": "#7"},
				"down": {"uv": [0, 8, 8, 0], "rotation": 90, "texture": "#7"}
			}
		},
		{
			"from": [7.94062, 5.91875, 7.9],
			"to": [15.1406, 13.11875, 15.1],
			"rotation": {"angle": -22.5, "axis": "z", "origin": [7.94062, 13.1188, -6.5]},
			"faces": {
				"east": {"uv": [0, 0, 8, 8], "texture": "#7"},
				"up": {"uv": [0, 0, 8, 8], "rotation": 90, "texture": "#7"},
				"down": {"uv": [0, 0, 8, 8], "rotation": 90, "texture": "#7"}
			}
		},
		{
			"from": [0.8594, 5.91875, 7.9],
			"to": [8.05938, 13.11875, 15.1],
			"rotation": {"angle": 22.5, "axis": "z", "origin": [8.05938, 13.1188, -6.5]},
			"faces": {
				"west": {"uv": [8, 0, 0, 8], "texture": "#7"},
				"up": {"uv": [0, 8, 8, 0], "rotation": 90, "texture": "#7"},
				"down": {"uv": [0, 8, 8, 0], "rotation": 90, "texture": "#7"}
			}
		},
		{
			"from": [7.94062, 5.91875, 15.1],
			"to": [15.1406, 13.11875, 22.3],
			"rotation": {"angle": -22.5, "axis": "z", "origin": [7.94062, 13.1188, -6.5]},
			"faces": {
				"east": {"uv": [0, 0, 8, 8], "texture": "#7"},
				"up": {"uv": [0, 0, 8, 8], "rotation": 90, "texture": "#7"},
				"down": {"uv": [0, 0, 8, 8], "rotation": 90, "texture": "#7"}
			}
		},
		{
			"from": [0.8594, 5.91875, 15.1],
			"to": [8.05938, 13.11875, 22.3],
			"rotation": {"angle": 22.5, "axis": "z", "origin": [8.05938, 13.1188, -6.5]},
			"faces": {
				"west": {"uv": [8, 0, 0, 8], "texture": "#7"},
				"up": {"uv": [0, 8, 8, 0], "rotation": 90, "texture": "#7"},
				"down": {"uv": [0, 8, 8, 0], "rotation": 90, "texture": "#7"}
			}
		},
		{
			"from": [7.94062, 5.91875, 22.3],
			"to": [15.1406, 13.11875, 25.9],
			"rotation": {"angle": -22.5, "axis": "z", "origin": [7.94062, 13.1188, -6.5]},
			"faces": {
				"east": {"uv": [4, 0, 8, 8], "texture": "#7"},
				"south": {"uv": [8, 0, 16, 8], "texture": "#7"},
				"up": {"uv": [4, 0, 8, 8], "rotation": 90, "texture": "#7"},
				"down": {"uv": [0, 0, 8, 8], "rotation": 90, "texture": "#7"}
			}
		},
		{
			"from": [0.8594, 5.91875, 22.3],
			"to": [8.05938, 13.11875, 25.9],
			"rotation": {"angle": 22.5, "axis": "z", "origin": [8.05938, 13.1188, -6.5]},
			"faces": {
				"south": {"uv": [16, 0, 8, 8], "texture": "#7"},
				"west": {"uv": [8, 0, 4, 8], "texture": "#7"},
				"up": {"uv": [4, 8, 8, 0], "rotation": 90, "texture": "#7"},
				"down": {"uv": [0, 8, 8, 0], "rotation": 90, "texture": "#7"}
			}
		},
		{
			"from": [4.4, 5.975, -6.4],
			"to": [11.6, 13.175, 0.8],
			"rotation": {"angle": 0, "axis": "y", "origin": [8, 8, 8.1]},
			"faces": {
				"north": {"uv": [8, 0, 16, 8], "texture": "#7"},
				"east": {"uv": [0, 5, 8, 13], "texture": "#7"},
				"south": {"uv": [0, 0, 8, 8], "texture": "#7"},
				"west": {"uv": [0, 5, 8, 13], "texture": "#7"},
				"up": {"uv": [0, 0, 8, 8], "rotation": 90, "texture": "#7"}
			}
		},
		{
			"from": [4.4, 5.975, 0.8],
			"to": [11.6, 13.175, 8],
			"rotation": {"angle": 0, "axis": "y", "origin": [8, 8, 15.3]},
			"faces": {
				"north": {"uv": [8, 0, 16, 8], "texture": "#7"},
				"east": {"uv": [0, 5, 8, 13], "texture": "#7"},
				"south": {"uv": [0, 0, 8, 8], "texture": "#7"},
				"west": {"uv": [0, 5, 8, 13], "texture": "#7"},
				"up": {"uv": [0, 0, 8, 8], "rotation": 90, "texture": "#7"}
			}
		},
		{
			"from": [4.4, 5.975, 7.9],
			"to": [11.6, 13.175, 15.1],
			"faces": {
				"up": {"uv": [8, 0, 16, 8], "texture": "#7"}
			}
		},
		{
			"from": [4.4, 5.975, 15.1],
			"to": [11.6, 13.175, 22.3],
			"faces": {
				"north": {"uv": [8, 0, 16, 8], "texture": "#7"},
				"east": {"uv": [0, 5, 8, 13], "texture": "#7"},
				"west": {"uv": [0, 5, 8, 13], "texture": "#7"},
				"up": {"uv": [0, 0, 8, 8], "rotation": 90, "texture": "#7"}
			}
		},
		{
			"from": [4.4, 9.125, 7.9],
			"to": [11.6, 16.325, 15.1],
			"faces": {
				"north": {"uv": [8, 0, 16, 8], "texture": "#7"},
				"east": {"uv": [0, 1.5, 8, 9.5], "texture": "#7"},
				"west": {"uv": [0, 1.5, 8, 9.5], "texture": "#7"},
				"up": {"uv": [8, 0, 16, 8], "texture": "#7"},
				"down": {"uv": [8, 0, 16, 8], "texture": "#7"}
			}
		},
		{
			"from": [4.5, 9.125, 7.9],
			"to": [11.5, 16.325, 15.1],
			"rotation": {"angle": 22.5, "axis": "x", "origin": [4.4, 16.325, 7.9]},
			"faces": {
				"north": {"uv": [8, 0, 16, 8], "texture": "#7"},
				"east": {"uv": [0, 1.5, 8, 9.5], "texture": "#7"},
				"west": {"uv": [0, 1.5, 8, 9.5], "texture": "#7"},
				"down": {"uv": [8, 0, 16, 8], "texture": "#7"}
			}
		},
		{
			"from": [4.4225, 6.36969, 8.44803],
			"to": [11.5775, 13.56974, 15.64803],
			"rotation": {"angle": -22.5, "axis": "x", "origin": [4.44497, 13.56974, 8.44803]},
			"faces": {
				"east": {"uv": [0, 0, 16, 16], "texture": "#8"},
				"south": {"uv": [0, 0, 16, 16], "texture": "#8"},
				"west": {"uv": [0, 0, 16, 16], "texture": "#8"}
			}
		},
		{
			"from": [8, 5.89062, -9.2],
			"to": [15.2, 13.0906, -2],
			"rotation": {"angle": -45, "axis": "z", "origin": [8, 13.0906, -9.2]},
			"faces": {
				"north": {"uv": [8, 0, 16, 8], "texture": "#7"},
				"east": {"uv": [8, 0, 16, 8], "texture": "#7"},
				"west": {"uv": [8, 0, 16, 8], "texture": "#7"},
				"up": {"uv": [8, 0, 16, 8], "texture": "#7"},
				"down": {"uv": [8, 0, 16, 8], "texture": "#7"}
			}
		},
		{
			"from": [8, 6.425, -12.8],
			"to": [13.4, 11.825, -5.6],
			"rotation": {"angle": -45, "axis": "z", "origin": [8, 11.825, -12.8]},
			"faces": {
				"north": {"uv": [8, 0, 16, 8], "texture": "#6"},
				"east": {"uv": [0, 0, 8, 8], "rotation": 90, "texture": "#6"},
				"west": {"uv": [0, 0, 8, 8], "rotation": 270, "texture": "#6"},
				"up": {"uv": [0, 0, 8, 8], "texture": "#6"},
				"down": {"uv": [0, 0, 8, 8], "rotation": 180, "texture": "#6"}
			}
		},
		{
			"from": [7.55, 1.7, -11.675],
			"to": [8.45, 4.625, -9.65],
			"faces": {
				"north": {"uv": [0, 8, 0.9, 10.925], "texture": "#6"},
				"east": {"uv": [2.025, 8, 0, 10.925], "texture": "#6"},
				"south": {"uv": [4, 8, 4.9, 10.925], "texture": "#6"},
				"west": {"uv": [0, 8, 2.025, 10.925], "texture": "#6"},
				"up": {"uv": [0, 8, 0.9, 10.025], "texture": "#6"},
				"down": {"uv": [4, 8, 4.9, 10.025], "texture": "#6"}
			}
		},
		{
			"from": [11.375, 7.55, -11.675],
			"to": [14.3, 8.45, -9.65],
			"faces": {
				"north": {"uv": [0, 8, 0.9, 10.925], "rotation": 90, "texture": "#6"},
				"east": {"uv": [4, 8, 4.9, 10.025], "rotation": 270, "texture": "#6"},
				"south": {"uv": [4, 8, 4.9, 10.925], "rotation": 270, "texture": "#6"},
				"west": {"uv": [0, 8, 0.9, 10.025], "rotation": 270, "texture": "#6"},
				"up": {"uv": [2.025, 8, 0, 10.925], "rotation": 270, "texture": "#6"},
				"down": {"uv": [0, 8, 2.025, 10.925], "rotation": 270, "texture": "#6"}
			}
		},
		{
			"from": [7.55, 11.375, -11.675],
			"to": [8.45, 14.3, -9.65],
			"faces": {
				"north": {"uv": [0, 8, 0.9, 10.925], "rotation": 180, "texture": "#6"},
				"east": {"uv": [0, 8, 2.025, 10.925], "rotation": 180, "texture": "#6"},
				"south": {"uv": [4, 8, 4.9, 10.925], "rotation": 180, "texture": "#6"},
				"west": {"uv": [2.025, 8, 0, 10.925], "rotation": 180, "texture": "#6"},
				"up": {"uv": [4, 8, 4.9, 10.025], "rotation": 180, "texture": "#6"},
				"down": {"uv": [0, 8, 0.9, 10.025], "rotation": 180, "texture": "#6"}
			}
		},
		{
			"from": [1.7, 7.55, -11.675],
			"to": [4.625, 8.45, -9.65],
			"faces": {
				"north": {"uv": [0, 8, 0.9, 10.925], "rotation": 270, "texture": "#6"},
				"east": {"uv": [0, 8, 0.9, 10.025], "rotation": 90, "texture": "#6"},
				"south": {"uv": [4, 8, 4.9, 10.925], "rotation": 90, "texture": "#6"},
				"west": {"uv": [4, 8, 4.9, 10.025], "rotation": 90, "texture": "#6"},
				"up": {"uv": [0, 8, 2.025, 10.925], "rotation": 90, "texture": "#6"},
				"down": {"uv": [2.025, 8, 0, 10.925], "rotation": 90, "texture": "#6"}
			}
		},
		{
			"from": [7.5, 1.475, -12.8],
			"to": [8.5, 4.4, -10.775],
			"rotation": {"angle": -22.5, "axis": "x", "origin": [7.55, 4.4, -12.8]},
			"faces": {
				"north": {"uv": [4, 8, 4.9, 10.925], "texture": "#6"},
				"east": {"uv": [4, 8, 2, 10.925], "texture": "#6"},
				"west": {"uv": [2, 8, 4, 10.925], "texture": "#6"},
				"up": {"uv": [4, 8, 4.9, 10.025], "texture": "#6"}
			}
		},
		{
			"from": [11.6, 7.5, -12.8],
			"to": [14.525, 8.5, -10.775],
			"rotation": {"angle": -22.5, "axis": "y", "origin": [11.6, 7.55, -12.8]},
			"faces": {
				"north": {"uv": [4, 8, 4.9, 10.925], "rotation": 90, "texture": "#6"},
				"west": {"uv": [4, 8, 4.9, 10.025], "rotation": 270, "texture": "#6"},
				"up": {"uv": [4, 8, 2, 10.925], "rotation": 270, "texture": "#6"},
				"down": {"uv": [2, 8, 4, 10.925], "rotation": 270, "texture": "#6"}
			}
		},
		{
			"from": [7.5, 11.6, -12.8],
			"to": [8.5, 14.525, -10.775],
			"rotation": {"angle": 22.5, "axis": "x", "origin": [8.45, 11.6, -12.8]},
			"faces": {
				"north": {"uv": [4, 8, 4.9, 10.925], "rotation": 180, "texture": "#6"},
				"east": {"uv": [2, 8, 4, 10.925], "rotation": 180, "texture": "#6"},
				"west": {"uv": [4, 8, 2, 10.925], "rotation": 180, "texture": "#6"},
				"down": {"uv": [4, 8, 4.9, 10.025], "rotation": 180, "texture": "#6"}
			}
		},
		{
			"from": [1.475, 7.5, -12.8],
			"to": [4.4, 8.5, -10.775],
			"rotation": {"angle": 22.5, "axis": "y", "origin": [4.4, 8.45, -12.8]},
			"faces": {
				"north": {"uv": [4, 8, 4.9, 10.925], "rotation": 270, "texture": "#6"},
				"east": {"uv": [4, 8, 4.9, 10.025], "rotation": 90, "texture": "#6"},
				"up": {"uv": [2, 8, 4, 10.925], "rotation": 90, "texture": "#6"},
				"down": {"uv": [4, 8, 2, 10.925], "rotation": 90, "texture": "#6"}
			}
		},
		{
			"from": [7.55, 7.55, -14.6],
			"to": [8.45, 8.45, -11.6],
			"faces": {
				"north": {"uv": [3, 11, 4, 12], "texture": "#6"},
				"east": {"uv": [0, 11, 3, 12], "texture": "#6"},
				"west": {"uv": [3, 11, 0, 12], "texture": "#6"},
				"up": {"uv": [3, 11, 0, 12], "rotation": 90, "texture": "#6"},
				"down": {"uv": [0, 11, 3, 12], "rotation": 90, "texture": "#6"}
			}
		},
		{
			"from": [7.325, 8, -14.375],
			"to": [8.675, 10.475, -13.925],
			"faces": {
				"north": {"uv": [0, 12, 1.5, 14.5], "texture": "#6"},
				"east": {"uv": [0, 12, 0.5, 14.5], "texture": "#6"},
				"south": {"uv": [1.5, 12, 0, 14.5], "texture": "#6"},
				"west": {"uv": [1, 12, 1.5, 14.5], "texture": "#6"},
				"up": {"uv": [0, 12, 1.5, 12.5], "texture": "#6"}
			}
		},
		{
			"from": [5.525, 7.325, -14.35],
			"to": [8, 8.675, -13.9],
			"rotation": {"angle": 22.5, "axis": "z", "origin": [8, 8, 8]},
			"faces": {
				"north": {"uv": [0, 12, 1.5, 14.5], "rotation": 90, "texture": "#6"},
				"south": {"uv": [1.5, 12, 0, 14.5], "rotation": 270, "texture": "#6"},
				"west": {"uv": [0, 12, 1.5, 12.5], "rotation": 270, "texture": "#6"},
				"up": {"uv": [0, 12, 0.5, 14.5], "rotation": 270, "texture": "#6"},
				"down": {"uv": [1, 12, 1.5, 14.5], "rotation": 270, "texture": "#6"}
			}
		},
		{
			"from": [8, 7.325, -14.325],
			"to": [10.475, 8.675, -13.875],
			"rotation": {"angle": -22.5, "axis": "z", "origin": [8, 8, 8]},
			"faces": {
				"north": {"uv": [0, 12, 1.5, 14.5], "rotation": 270, "texture": "#6"},
				"east": {"uv": [0, 12, 1.5, 12.5], "rotation": 90, "texture": "#6"},
				"south": {"uv": [1.5, 12, 0, 14.5], "rotation": 90, "texture": "#6"},
				"up": {"uv": [1, 12, 1.5, 14.5], "rotation": 90, "texture": "#6"},
				"down": {"uv": [0, 12, 0.5, 14.5], "rotation": 90, "texture": "#6"}
			}
		},
		{
			"from": [4.4, 11.375, 7.9],
			"to": [11.6, 16.325, 8.125],
			"faces": {
				"south": {"uv": [8, 0, 16, 8], "texture": "#7"}
			}
		},
		{
			"from": [4.5, 6.03125, 22.1594],
			"to": [11.5, 13.2312, 29.3594],
			"rotation": {"angle": 22.5, "axis": "x", "origin": [4.4, 13.2312, 22.1594]},
			"faces": {
				"north": {"uv": [8, 0, 16, 8], "texture": "#7"},
				"east": {"uv": [0, 0, 8, 8], "texture": "#7"},
				"south": {"uv": [8, 0, 16, 8], "texture": "#7"},
				"west": {"uv": [0, 0, 8, 8], "texture": "#7"},
				"up": {"uv": [0, 0, 8, 8], "rotation": 90, "texture": "#7"},
				"down": {"uv": [8, 0, 16, 8], "texture": "#7"}
			}
		},
		{
			"from": [7.55, 16.325, 9.25],
			"to": [8.45, 19.925, 10.15],
			"faces": {
				"north": {"uv": [0, 7.5, 3.6, 8.4], "rotation": 90, "texture": "#7"},
				"east": {"uv": [0, 7.5, 3.6, 8.4], "rotation": 90, "texture": "#7"},
				"south": {"uv": [0, 7.5, 3.6, 8.4], "rotation": 90, "texture": "#7"},
				"west": {"uv": [0, 7.5, 3.6, 8.4], "rotation": 90, "texture": "#7"}
			}
		},
		{
			"from": [7.325, 19.7, 9.025],
			"to": [8.675, 21.05, 10.375],
			"faces": {
				"north": {"uv": [11.5, 3.5, 12.5, 4.5], "rotation": 90, "texture": "#7"},
				"east": {"uv": [11.5, 3.5, 12.5, 4.5], "rotation": 90, "texture": "#7"},
				"south": {"uv": [11.5, 3.5, 12.5, 4.5], "rotation": 90, "texture": "#7"},
				"west": {"uv": [11.5, 3.5, 12.5, 4.5], "rotation": 90, "texture": "#7"},
				"up": {"uv": [11.5, 3.5, 12.5, 4.5], "rotation": 90, "texture": "#7"},
				"down": {"uv": [11.5, 3.5, 12.5, 4.5], "rotation": 90, "texture": "#7"}
			}
		},
		{
			"from": [7.6625, 16.325, 12.625],
			"to": [8.3375, 19.025, 13.3],
			"faces": {
				"north": {"uv": [0, 7.5, 2.5, 8], "rotation": 90, "texture": "#7"},
				"east": {"uv": [0, 7.5, 2.5, 8], "rotation": 90, "texture": "#7"},
				"south": {"uv": [0, 7.5, 2.5, 8], "rotation": 90, "texture": "#7"},
				"west": {"uv": [0, 7.5, 2.5, 8], "rotation": 90, "texture": "#7"}
			}
		},
		{
			"from": [7.6625, 18.9125, 13.1313],
			"to": [8.3375, 20.2625, 13.8063],
			"rotation": {"angle": 22.5, "axis": "x", "origin": [7.6625, 20.2625, 13.1313]},
			"faces": {
				"north": {"uv": [0, 7.5, 1.5, 8], "rotation": 90, "texture": "#7"},
				"east": {"uv": [0, 7.5, 1.5, 8], "rotation": 90, "texture": "#7"},
				"south": {"uv": [0, 7.5, 1.5, 8], "rotation": 90, "texture": "#7"},
				"west": {"uv": [0, 7.5, 1.5, 8], "rotation": 90, "texture": "#7"},
				"up": {"uv": [0, 7.5, 0.5, 8], "rotation": 90, "texture": "#7"}
			}
		},
		{
			"from": [2, 7.225, 18.5],
			"to": [3, 8.225, 20.5],
			"faces": {
				"north": {"uv": [3, 11, 4, 12], "texture": "#6"},
				"east": {"uv": [0.5, 0.5, 2.5, 1.5], "texture": "#6"},
				"south": {"uv": [12.5, 2.5, 13.5, 3.5], "texture": "#6"},
				"west": {"uv": [0.5, 0.5, 2.5, 1.5], "texture": "#6"},
				"up": {"uv": [0.5, 0.5, 2.5, 1.5], "texture": "#6"},
				"down": {"uv": [0.5, 0.5, 2.5, 1.5], "texture": "#6"}
			}
		},
		{
			"from": [13, 7.225, 18.5],
			"to": [14, 8.225, 20.5],
			"rotation": {"angle": 0, "axis": "y", "origin": [19, 8, 8]},
			"faces": {
				"north": {"uv": [3, 11, 4, 12], "texture": "#6"},
				"east": {"uv": [0.5, 0.5, 2.5, 1.5], "texture": "#6"},
				"south": {"uv": [10.5, 2.5, 11.5, 3.5], "texture": "#6"},
				"west": {"uv": [0.5, 0.5, 2.5, 1.5], "texture": "#6"},
				"up": {"uv": [0.5, 0.5, 2.5, 1.5], "texture": "#6"},
				"down": {"uv": [0.5, 0.5, 2.5, 1.5], "texture": "#6"}
			}
		}
	],
	"display": {
		"thirdperson_righthand": {
			"rotation": [10, -45, -13],
			"translation": [-0.76, 1.51, 0.57],
			"scale": [0.3, 0.3, 0.3]
		},
		"thirdperson_lefthand": {
			"rotation": [10, -45, -13],
			"translation": [-0.76, 1.51, 0.57],
			"scale": [0.3, 0.3, 0.3]
		},
		"firstperson_righthand": {
			"rotation": [0, -67, 0],
			"translation": [1.13, 1.13, 0],
			"scale": [0.37, 0.37, 0.37]
		},
		"firstperson_lefthand": {
			"rotation": [0, -67, 0],
			"translation": [1.13, 1.13, 0],
			"scale": [0.37, 0.37, 0.37]
		},
		"ground": {
			"translation": [0, 4, 0],
			"scale": [0.37, 0.37, 0.37]
		},
		"gui": {
			"rotation": [20, 47, 0],
			"scale": [0.5, 0.5, 0.5]
		},
		"head": {
			"rotation": [0, 180, 0],
			"translation": [0, 10, 24],
			"scale": [4, 4, 4]
		},
		"fixed": {
			"rotation": [90, -135, 180],
			"scale": [0.62, 0.62, 0.62]
		}
	}
}
