{
    "parent": "item/generated",
    "textures": {
        "layer0": "item/leather_boots",
        "layer1": "item/leather_boots_overlay"
    },
    "overrides": [
        {
            "predicate": {
                "custom_model_data": 1
            },
            "model": "presents:item/presents/present_white"
        },
        {
            "predicate": {
                "custom_model_data": 2
            },
            "model": "presents:item/presents/present_orange"
        },
        {
            "predicate": {
                "custom_model_data": 3
            },
            "model": "presents:item/presents/present_magenta"
        },
        {
            "predicate": {
                "custom_model_data": 4
            },
            "model": "presents:item/presents/present_light_blue"
        },
        {
            "predicate": {
                "custom_model_data": 5
            },
            "model": "presents:item/presents/present_yellow"
        },
        {
            "predicate": {
                "custom_model_data": 6
            },
            "model": "presents:item/presents/present_lime"
        },
        {
            "predicate": {
                "custom_model_data": 7
            },
            "model": "presents:item/presents/present_pink"
        },
        {
            "predicate": {
                "custom_model_data": 8
            },
            "model": "presents:item/presents/present_gray"
        },
        {
            "predicate": {
                "custom_model_data": 9
            },
            "model": "presents:item/presents/present_silver"
        },
        {
            "predicate": {
                "custom_model_data": 10
            },
            "model": "presents:item/presents/present_cyan"
        },
        {
            "predicate": {
                "custom_model_data": 11
            },
            "model": "presents:item/presents/present_purple"
        },
        {
            "predicate": {
                "custom_model_data": 12
            },
            "model": "presents:item/presents/present_blue"
        },
        {
            "predicate": {
                "custom_model_data": 13
            },
            "model": "presents:item/presents/present_brown"
        },
        {
            "predicate": {
                "custom_model_data": 14
            },
            "model": "presents:item/presents/present_green"
        },
        {
            "predicate": {
                "custom_model_data": 15
            },
            "model": "presents:item/presents/present_red"
        },
        {
            "predicate": {
                "custom_model_data": 16
            },
            "model": "presents:item/presents/present_black"
        },
        {
            "predicate": {
                "custom_model_data": 17
            },
            "model": "presents:entity/present_box"
        },
        {
            "predicate": {
                "custom_model_data": 18
            },
            "model": "presents:entity/present_ribbon"
        },
        {
            "predicate": {
                "custom_model_data": 19
            },
            "model": "presents:entity/present_box_open"
        },
        {
            "predicate": {
                "custom_model_data": 20
            },
            "model": "presents:entity/present_ribbon_open"
        }
    ]
}
